Workload,SearchL,Inserts,Deletes,Queries,AvgInsert(ms),AvgDelete(ms),AvgQuery(ms),QPS,Recall@5(%),Recall@10(%),TotalTime(ms),Throughput(ops/s)
Query-Only,10,(0%)
0,(0%)
0,(100%)
400,,,,24268.0,94.40,92.95,,
Query-Only,20,(0%)
0,(0%)
0,(100%)
400,,,,30442.6,99.20,98.22,,
Query-Only,40,(0%)
0,(0%)
0,(100%)
400,,,,23891.3,99.80,99.62,,
Query-Only,100,(0%)
0,(0%)
0,(100%)
400,,,,20886.4,100.00,99.83,,
Query-Only,150,(0%)
0,(0%)
0,(100%)
400,,,,21955.5,100.00,99.92,,
Query-Heavy,10,(3%)
12,(2%)
8,(95%)
380,,,,16751.9,94.37,92.95,,
Query-Heavy,20,(3%)
12,(2%)
8,(95%)
380,,,,15412.0,99.00,98.16,,
Query-Heavy,40,(3%)
12,(2%)
8,(95%)
380,,,,14336.4,99.58,99.58,,
Query-Heavy,100,(3%)
12,(2%)
8,(95%)
380,,,,10025.6,99.79,99.79,,
Query-Heavy,150,(3%)
12,(2%)
8,(95%)
380,,,,7889.9,99.79,99.89,,
Balanced,10,(25%)
100,(15%)
60,(60%)
240,,,,5300.1,93.92,92.42,,
Balanced,20,(25%)
100,(15%)
60,(60%)
240,,,,5457.0,99.25,98.08,,
Balanced,40,(25%)
100,(15%)
60,(60%)
240,,,,3883.4,99.75,99.50,,
Balanced,100,(25%)
100,(15%)
60,(60%)
240,,,,1884.0,99.92,99.71,,
Balanced,150,(25%)
100,(15%)
60,(60%)
240,,,,2048.6,99.92,99.83,,
Insert-Heavy,10,(50%)
200,(10%)
40,(40%)
160,,,,3098.1,94.12,92.38,,
Insert-Heavy,20,(50%)
200,(10%)
40,(40%)
160,,,,2957.6,99.25,97.56,,
Insert-Heavy,40,(50%)
200,(10%)
40,(40%)
160,,,,2553.1,99.75,99.06,,
Insert-Heavy,100,(50%)
200,(10%)
40,(40%)
160,,,,1417.8,99.88,99.19,,
Insert-Heavy,150,(50%)
200,(10%)
40,(40%)
160,,,,856.7,99.88,99.31,,
Large-50K,10,(0%)
0,(0%)
0,(100%)
50000,,,,120872.8,60.00,69.99,,
Large-50K,20,(0%)
0,(0%)
0,(100%)
50000,,,,112866.4,99.99,99.98,,
Large-50K,40,(0%)
0,(0%)
0,(100%)
50000,,,,101397.0,99.99,99.99,,
Large-50K,100,(0%)
0,(0%)
0,(100%)
50000,,,,78781.4,99.99,99.99,,
Large-50K,150,(0%)
0,(0%)
0,(100%)
50000,,,,65327.5,99.99,99.99,,
